feature,tier_a,tier_b,p_bonferroni
fk_grade,low,medium,0.3303484910004698
fk_grade,low,high,1.175556469179437e-06
fk_grade,medium,high,8.725430022103707e-11
gunning_fog,low,medium,0.3608621475666463
gunning_fog,low,high,1.0179835041524295e-05
gunning_fog,medium,high,1.9125359056908546e-09
smog,low,medium,1.0
smog,low,high,1.8022743688396187e-06
smog,medium,high,8.750364701258217e-09
avg_sentence_length,low,medium,0.2657624846772846
avg_sentence_length,low,high,1.0
avg_sentence_length,medium,high,0.4928266231235394
avg_syllables_per_word,low,medium,1.0
avg_syllables_per_word,low,high,1.721485840667056e-16
avg_syllables_per_word,medium,high,2.3019698786856203e-15
type_token_ratio,low,medium,0.0003307880523397285
type_token_ratio,low,high,0.0011703503668567688
type_token_ratio,medium,high,1.0
mattr,low,medium,0.02444448365087888
mattr,low,high,1.0
mattr,medium,high,0.029451832641569305
hedge_per_100,low,medium,0.8212991528695104
hedge_per_100,low,high,0.13762843317497458
hedge_per_100,medium,high,1.0
causal_per_100,low,medium,0.3723570155871846
causal_per_100,low,high,1.0
causal_per_100,medium,high,0.04181028548016866
sentiment_pos,low,medium,0.478314923127934
sentiment_pos,low,high,1.0
sentiment_pos,medium,high,1.0
sentiment_neg,low,medium,1.0
sentiment_neg,low,high,3.207002357898262e-08
sentiment_neg,medium,high,3.0690832418074983e-09
sentiment_neu,low,medium,0.9106422439871783
sentiment_neu,low,high,0.0006616475736704853
sentiment_neu,medium,high,7.449026524867703e-06
sentiment_compound,low,medium,0.013965354786720225
sentiment_compound,low,high,1.639529769879961e-11
sentiment_compound,medium,high,0.0001487356892458531
word_count,low,medium,9.316411537869334e-07
word_count,low,high,3.044248671002298e-13
word_count,medium,high,0.06022762927271131
