mapping_name,low_n,medium_n,high_n,outcome,observed_between_tier_dispersion,permutation_p,bh_fdr_q,permutations
rater1,2,4,3,fk_grade,2.833346999371895,0.4857142857142857,0.8150793650793651,1260
rater1,2,4,3,gunning_fog,2.767804647901376,0.5428571428571428,0.8150793650793651,1260
rater1,2,4,3,smog,0.3704644384710542,0.7968253968253968,0.8150793650793651,1260
rater1,2,4,3,avg_sentence_length,10.18088786059994,0.5396825396825397,0.8150793650793651,1260
rater1,2,4,3,avg_syllables_per_word,0.01517737928959144,0.04285714285714286,0.2142857142857143,1260
rater1,2,4,3,mattr,5.175885512187025e-05,0.6246031746031746,0.8150793650793651,1260
rater1,2,4,3,hedge_per_100,0.005118923937481642,0.6563492063492063,0.8150793650793651,1260
rater1,2,4,3,causal_per_100,0.08454946041627202,0.02063492063492063,0.2063492063492063,1260
rater1,2,4,3,sentiment_compound,0.0283790260279541,0.8126984126984127,0.8150793650793651,1260
rater1,2,4,3,sentiment_neg,0.0002094287190417008,0.8150793650793651,0.8150793650793651,1260
rater2,1,5,3,fk_grade,0.2556305155576659,0.9325396825396826,0.9523809523809523,504
rater2,1,5,3,gunning_fog,0.2144919389330552,0.9503968253968254,0.9523809523809523,504
rater2,1,5,3,smog,1.273529800720262,0.4583333333333333,0.7638888888888888,504
rater2,1,5,3,avg_sentence_length,4.321135847521165,0.7698412698412699,0.9523809523809523,504
rater2,1,5,3,avg_syllables_per_word,0.01203976238635304,0.1051587301587302,0.3835978835978837,504
rater2,1,5,3,mattr,3.962825335731798e-06,0.9523809523809523,0.9523809523809523,504
rater2,1,5,3,hedge_per_100,0.01251092583111636,0.2797619047619048,0.6349206349206348,504
rater2,1,5,3,causal_per_100,0.07114793730637362,0.0496031746031746,0.3835978835978837,504
rater2,1,5,3,sentiment_compound,0.1396325034355524,0.3174603174603174,0.6349206349206348,504
rater2,1,5,3,sentiment_neg,0.001546549548275897,0.1150793650793651,0.3835978835978837,504
