outcome,low_subreddit_mean,medium_subreddit_mean,high_subreddit_mean,exact_p,fdr_p,adjusted_cluster_perm_p,adjusted_fdr_p
fk_grade,11.024893392987906,9.951933619286846,10.834317303801198,0.6071428571428571,0.6678571428571428,0.525,0.8482142857142857
gunning_fog,13.443641041222106,12.292178276351658,13.186390126821003,0.6107142857142858,0.6678571428571428,0.5535714285714286,0.8482142857142857
smog,12.698591771988474,11.777627701364622,12.612388517425176,0.33214285714285713,0.6678571428571428,0.5392857142857143,0.8482142857142857
avg_sentence_length,20.409650889619446,18.897147606032725,18.193569193421755,0.6678571428571428,0.6678571428571428,0.5178571428571429,0.8482142857142857
avg_syllables_per_word,1.580943181867485,1.540003902791024,1.6380360439293822,0.05357142857142857,0.5357142857142857,0.42857142857142855,0.8482142857142857
mattr,0.920738831467126,0.9119177893684624,0.914921289640592,0.2857142857142857,0.6678571428571428,0.6785714285714286,0.8482142857142857
hedge_per_100,0.3924889941621208,0.3904434575641435,0.34132578291217824,0.6428571428571429,0.6678571428571428,0.8892857142857142,0.8892857142857142
causal_per_100,0.3277602880658436,0.320086754174864,0.21631490905735093,0.5214285714285715,0.6678571428571428,0.8821428571428571,0.8892857142857142
sentiment_compound,0.5827840534979424,0.4406307607159112,0.6303545179368436,0.6142857142857143,0.6678571428571428,0.6178571428571429,0.8482142857142857
sentiment_neg,0.042057541391520716,0.056861946378138926,0.039382933991073524,0.5285714285714286,0.6678571428571428,0.6535714285714286,0.8482142857142857
