outcome,adjusted_cluster_perm_p,low_adjusted_mean,medium_adjusted_mean,high_adjusted_mean,fdr_p
fk_grade,0.525,0.8561674072872457,-0.13163740445696206,-0.040307947493440265,0.8482142857142857
gunning_fog,0.5535714285714286,0.8410825689786128,-0.16079953892335555,-0.016261237372019677,0.8482142857142857
smog,0.5392857142857143,0.7241412618944655,-0.13757344949038885,0.08181928870544623,0.8482142857142857
avg_sentence_length,0.5178571428571429,1.39660713017736,0.08073147757412041,-0.488124896415114,0.8482142857142857
avg_syllables_per_word,0.42857142857142855,0.026397510721869567,-0.013823955992447188,0.012717013738004159,0.8482142857142857
mattr,0.6785714285714286,0.0029061484838556156,-0.0009270281300165169,-0.0004171178706118583,0.8482142857142857
hedge_per_100,0.8892857142857142,-0.014266648441536708,-0.023689794729076962,0.006410892622571718,0.8892857142857142
causal_per_100,0.8821428571428571,0.022540482959880037,0.026397976998899748,-0.008619663190284866,0.8892857142857142
sentiment_compound,0.6178571428571429,0.1573282054420603,-0.032346345841492354,0.014611772185926034,0.8482142857142857
sentiment_neg,0.6535714285714286,-0.01500511999351011,0.0019678555261811444,-0.0013942526834371978,0.8482142857142857
