expertise_tier,topic_id,n,share_within_tier
high,0,6,0.012219959266802444
high,1,98,0.19959266802443992
high,2,288,0.5865580448065173
high,3,9,0.018329938900203666
high,4,47,0.09572301425661914
high,5,18,0.03665987780040733
high,6,18,0.03665987780040733
high,7,7,0.014256619144602852
low,0,6,0.023346303501945526
low,1,2,0.007782101167315175
low,2,5,0.019455252918287938
low,3,78,0.3035019455252918
low,4,115,0.4474708171206226
low,5,5,0.019455252918287938
low,7,46,0.17898832684824903
medium,0,161,0.29219600725952816
medium,1,134,0.24319419237749546
medium,2,48,0.08711433756805807
medium,3,12,0.021778584392014518
medium,4,85,0.1542649727767695
medium,5,82,0.14882032667876588
medium,6,11,0.019963702359346643
medium,7,18,0.032667876588021776
