run,accuracy
0,0.33707865168539325
1,0.3258426966292135
2,0.32303370786516855
3,0.3089887640449438
4,0.31741573033707865
5,0.36797752808988765
6,0.3146067415730337
7,0.31741573033707865
8,0.3398876404494382
9,0.33707865168539325
10,0.36797752808988765
11,0.300561797752809
12,0.3595505617977528
13,0.3455056179775281
14,0.3455056179775281
15,0.32865168539325845
16,0.36797752808988765
17,0.32865168539325845
18,0.28370786516853935
19,0.3539325842696629
20,0.3651685393258427
21,0.3904494382022472
22,0.32303370786516855
23,0.33146067415730335
24,0.28370786516853935
25,0.351123595505618
26,0.3202247191011236
27,0.300561797752809
28,0.3455056179775281
29,0.3061797752808989
30,0.33707865168539325
31,0.34831460674157305
32,0.32865168539325845
33,0.30337078651685395
34,0.3707865168539326
35,0.3398876404494382
36,0.30337078651685395
37,0.29775280898876405
38,0.33146067415730335
39,0.3258426966292135
40,0.35674157303370785
41,0.32865168539325845
42,0.33146067415730335
43,0.30337078651685395
44,0.31741573033707865
45,0.36797752808988765
46,0.34269662921348315
47,0.34831460674157305
48,0.3342696629213483
49,0.32303370786516855
50,0.3061797752808989
51,0.3146067415730337
52,0.33146067415730335
53,0.31741573033707865
54,0.3398876404494382
55,0.3904494382022472
56,0.351123595505618
57,0.2949438202247191
58,0.34831460674157305
59,0.33707865168539325
60,0.36235955056179775
61,0.3848314606741573
62,0.34269662921348315
63,0.3258426966292135
64,0.351123595505618
65,0.34269662921348315
66,0.36235955056179775
67,0.34269662921348315
68,0.3651685393258427
69,0.33146067415730335
70,0.3595505617977528
71,0.33707865168539325
72,0.3455056179775281
73,0.30337078651685395
74,0.3258426966292135
75,0.300561797752809
76,0.33146067415730335
77,0.2612359550561798
78,0.3455056179775281
79,0.3089887640449438
80,0.351123595505618
81,0.3342696629213483
82,0.32865168539325845
83,0.300561797752809
84,0.3792134831460674
85,0.3089887640449438
86,0.3651685393258427
87,0.3342696629213483
88,0.35674157303370785
89,0.3651685393258427
90,0.3455056179775281
91,0.3398876404494382
92,0.2949438202247191
93,0.3595505617977528
94,0.32865168539325845
95,0.351123595505618
96,0.33146067415730335
97,0.3539325842696629
98,0.3202247191011236
99,0.37640449438202245
