feature,comparison,p_bonferroni,q_value
fk_grade,low vs medium,0.3303484910004698,0.533639870077682
fk_grade,low vs high,1.175556469179437e-06,4.488488336866941e-06
fk_grade,medium vs high,8.725430022103707e-11,7.329361218567114e-10
gunning_fog,low vs medium,0.3608621475666463,0.5585355233807769
gunning_fog,low vs high,1.0179835041524295e-05,3.0539505124572886e-05
gunning_fog,medium vs high,1.9125359056908546e-09,1.3387751339835983e-08
smog,low vs medium,1.0,1.0
smog,low vs high,1.8022743688396187e-06,6.307960290938666e-06
smog,medium vs high,8.750364701258217e-09,4.5939414681605644e-08
avg_sentence_length,low vs medium,0.2657624846772846,0.4464809742578381
avg_sentence_length,low vs high,1.0,1.0
avg_sentence_length,medium vs high,0.4928266231235394,0.6899572723729551
avg_syllables_per_word,low vs medium,1.0,1.0
avg_syllables_per_word,low vs high,1.721485840667056e-16,7.230240530801636e-15
avg_syllables_per_word,medium vs high,2.3019698786856203e-15,4.834136745239803e-14
type_token_ratio,low vs medium,0.0003307880523397285,0.0008683186373917874
type_token_ratio,low vs high,0.0011703503668567688,0.0027308175226657943
type_token_ratio,medium vs high,1.0,1.0
mattr,low vs medium,0.02444448365087888,0.051333415666845655
mattr,low vs high,1.0,1.0
mattr,medium vs high,0.029451832641569305,0.05890366528313861
hedge_per_100,low vs medium,0.8212991528695104,1.0
hedge_per_100,low vs high,0.13762843317497458,0.24084975805620554
hedge_per_100,medium vs high,1.0,1.0
causal_per_100,low vs medium,0.3723570155871846,0.5585355233807769
causal_per_100,low vs high,1.0,1.0
causal_per_100,medium vs high,0.04181028548016866,0.07981963591668562
sentiment_pos,low vs medium,0.478314923127934,0.6899572723729551
sentiment_pos,low vs high,1.0,1.0
sentiment_pos,medium vs high,1.0,1.0
sentiment_neg,low vs medium,1.0,1.0
sentiment_neg,low vs high,3.207002357898262e-08,1.4966011003525225e-07
sentiment_neg,medium vs high,3.0690832418074983e-09,1.841449945084499e-08
sentiment_neu,low vs medium,0.9106422439871783,1.0
sentiment_neu,low vs high,0.0006616475736704852,0.0016346587114211986
sentiment_neu,medium vs high,7.449026524867703e-06,2.4066085695726424e-05
sentiment_compound,low vs medium,0.013965354786720226,0.030870784265381552
sentiment_compound,low vs high,1.639529769879961e-11,1.7215062583739592e-10
sentiment_compound,medium vs high,0.0001487356892458531,0.00041645992988838867
word_count,low vs medium,9.316411537869334e-07,3.91289284590512e-06
word_count,low vs high,3.044248671002298e-13,4.261948139403217e-12
word_count,medium vs high,0.06022762927271131,0.10998088823712499
