feature,covariates,n,r_partial,p_value,fdr_q_within_covariate_model
fk_grade,word_count,1778,-0.0046363819832730595,0.8451520031178369,0.8451520031178369
gunning_fog,word_count,1778,-0.0055053461018888215,0.8166052412240831,0.8451520031178369
smog,word_count,1778,0.06125738865575882,0.009797882656601163,0.015396672746087543
avg_syllables_per_word,word_count,1778,0.19690031175536518,5.4515808045198054e-17,1.998912961657262e-16
mattr,word_count,1778,-0.007379783238459715,0.7558947083281226,0.8451520031178369
hedge_per_100,word_count,1778,-0.08847806501871965,0.00018812741943758334,0.0003449002689689028
causal_per_100,word_count,1778,-0.03483222297867976,0.142173138474624,0.19548806540260802
sentiment_compound,word_count,1778,0.11712177687144144,7.39164143080545e-07,1.626161114777199e-06
sentiment_neg,word_count,1778,-0.1485026365645841,3.163329648241419e-10,8.699156532663902e-10
avg_syllables_per_word,word_count + acronym_density_per_100_words,1778,0.16838885678791482,9.170954149841736e-13,9.170954149841736e-13
avg_syllables_per_word_without_acronyms,word_count,1778,0.21011255854728575,3.521115978946201e-19,1.9366137884204103e-18
avg_syllables_per_word_acronyms_normalized,word_count,1778,0.21093729599592645,2.5407831343203555e-19,1.9366137884204103e-18
