feature,low_mean,low_sd,medium_mean,medium_sd,high_mean,high_sd,kruskal_h,p_value,cohens_d_high_vs_low,fdr_q_14_metric_family
fk_grade,10.40803872501633,12.803174992067873,9.869946263619505,6.757232923886423,10.777394484813046,3.998767301295336,48.233090859152014,3.3598307253922855e-11,0.03894309787888711,1.3346979488292574e-10
gunning_fog,12.760401240706157,13.186889325931302,12.210190349708384,6.970517476703252,13.127082705070967,4.319844152594401,41.36444642446345,1.0418965151406879e-09,0.037370287407658236,2.4310918686616052e-09
smog,11.848221445104208,3.8022823121000777,11.723693650255592,3.1542787585437897,12.485141749750023,2.7381208406697453,40.62170888177891,1.5104557040472928e-09,0.19223690622803344,3.0209114080945857e-09
avg_sentence_length,20.251062920858207,32.11691619891954,18.805545452964985,16.126808385591293,18.412829504479127,8.529709946091451,3.2869835673523298,0.19330388712650629,-0.07823147281869161,0.2081734169054683
avg_syllables_per_word,1.5339088293120025,0.16351943878886363,1.536083350590098,0.15725748559160538,1.625965337124253,0.1891714978182455,89.89982402978956,3.009547830304744e-20,0.5206483667078176,4.2133669624266415e-19
type_token_ratio,0.7553217391304349,0.08800298682870204,0.7281423986486486,0.10625511971974046,0.7320108843537415,0.10126950843956621,18.46305604560273,9.790352305621825e-05,-0.2457177179312562,0.00015229436919856173
mattr,0.9150379598662208,0.03739394849578725,0.9099008445945945,0.04037987909213284,0.9137945578231292,0.03849209530978232,9.112472789387414,0.010501508193118125,-0.03276681220696073,0.014702111470365375
hedge_per_100,0.49017809364548487,0.776676408156347,0.39325793918918917,0.5991817994309824,0.34940340136054426,0.5451785147726125,4.000188966607686,0.13532249691598244,-0.2098025597856269,0.15787624640197953
causal_per_100,0.2793551839464883,0.5161209694185891,0.31557685810810815,0.5499832477881862,0.23187755102040816,0.4679491524447071,6.172085414765737,0.04568237570734442,-0.09637697461093142,0.05814120544571109
sentiment_pos,0.10581270903010033,0.05998599813467599,0.10840202702702703,0.05580065312597358,0.10634183673469387,0.054573369191392655,2.004768221051972,0.36700342060332064,0.009227322291813066,0.36700342060332064
sentiment_neg,0.05529096989966555,0.04758991087208678,0.05618243243243243,0.048216346500714706,0.03937244897959184,0.03715984702781043,46.67016595901812,7.340104234604886e-11,-0.3728464352310403,2.0552291856893679e-10
sentiment_neu,0.8388812709030099,0.07053671448858681,0.835464527027027,0.06315831979104869,0.8542806122448979,0.06162986038940623,24.53169827594963,4.709875242989223e-06,0.2325019237500237,8.24228167523114e-06
sentiment_compound,0.399002508361204,0.6452953620878241,0.4356300675675675,0.6810232185252966,0.6050848639455783,0.5583697755009639,47.979817775483745,3.813422710940735e-11,0.34153527548230905,1.3346979488292574e-10
word_count,154.38628762541805,133.066574234441,213.29222972972974,229.8724962710624,235.25850340136054,282.94297469503033,58.02426504703484,2.51299102067431e-13,0.36578517724958126,1.759093714472017e-12
